Model,AUC,Balanced Accuracy
XGBoost,0.5914532871972318,0.6101038062283737
CatBoost,0.6063148788927335,0.6201038062283737
LightGBM,0.5563494809688581,0.549878892733564
RandomForest,0.5507785467128028,0.5243425605536332
