Model,AUC,Balanced Accuracy
XGBoost,0.7319833234067898,0.727913440540004
CatBoost,0.7271524055323935,0.6947587849910661
LightGBM,0.743795910264046,0.666071074052015
RandomForest,0.6663026934021572,0.5
