Model,AUC,Balanced Accuracy
XGBoost,0.6310229007633588,0.5899236641221375
CatBoost,0.6420152671755726,0.6764885496183206
LightGBM,0.6359694656488549,0.5810687022900763
RandomForest,0.632854961832061,0.5193893129770992
