Model,AUC,Balanced Accuracy
XGBoost,0.5531824637119829,0.5645991257677199
CatBoost,0.5566314391633929,0.5692469429535771
LightGBM,0.5534960069348382,0.548737527435032
RandomForest,0.5107619100315387,0.510752688172043
